,PassengerId,Survived,Pclass,Age,SibSp,Parch,Fare
PassengerId,1.0,-0.0050066607670665175,-0.03514399403038102,0.038125228685340566,-0.0575268337844415,-0.0016520124027188366,0.012658219287491099
Survived,-0.0050066607670665175,1.0,-0.33848103596101514,0.010539215871285678,-0.035322498885735576,0.08162940708348335,0.2573065223849626
Pclass,-0.03514399403038102,-0.33848103596101514,1.0,-0.36135321538780957,0.08308136284568686,0.018442671310748508,-0.5494996199439076
Age,0.038125228685340566,0.010539215871285678,-0.36135321538780957,1.0,-0.18466352835224448,-0.04878608272014969,0.13551585352705103
SibSp,-0.0575268337844415,-0.035322498885735576,0.08308136284568686,-0.18466352835224448,1.0,0.41483769862015624,0.159651043242161
Parch,-0.0016520124027188366,0.08162940708348335,0.018442671310748508,-0.04878608272014969,0.41483769862015624,1.0,0.21622494477076448
Fare,0.012658219287491099,0.2573065223849626,-0.5494996199439076,0.13551585352705103,0.159651043242161,0.21622494477076448,1.0
